{
  "total_matches": 40563,
  "home_win_prob": 0.5263170870004684,
  "draw_prob": 0.1390922762123117,
  "away_win_prob": 0.3345906367872199,
  "home_advantage": 0.19172645021324852,
  "avg_home_goals": 2.2371372926065627,
  "avg_away_goals": 1.5117471587407243,
  "avg_total_goals": 3.748884451347287,
  "home_goal_advantage": 0.7253901338658384
}