{
  "total_matches": 28850,
  "home_win_prob": 0.3953206239168111,
  "draw_prob": 0.14419410745233968,
  "away_win_prob": 0.4604852686308492,
  "home_advantage": -0.0651646447140381,
  "avg_home_goals": 1.8010745233968803,
  "avg_away_goals": 1.7320277296360485,
  "avg_total_goals": 3.533102253032929,
  "home_goal_advantage": 0.06904679376083189
}