{
  "total_matches": 35863,
  "home_win_prob": 0.5102473301173912,
  "draw_prob": 0.1570420767922371,
  "away_win_prob": 0.3327105930903717,
  "home_advantage": 0.1775367370270195,
  "avg_home_goals": 2.0138861779549955,
  "avg_away_goals": 1.4598053704374983,
  "avg_total_goals": 3.4736915483924937,
  "home_goal_advantage": 0.5540808075174972
}