{
  "total_matches": 24326,
  "home_win_prob": 0.5174299103839514,
  "draw_prob": 0.1486886458932829,
  "away_win_prob": 0.3338814437227658,
  "home_advantage": 0.18354846666118557,
  "avg_home_goals": 2.125215818465839,
  "avg_away_goals": 1.4788703444873799,
  "avg_total_goals": 3.6040861629532186,
  "home_goal_advantage": 0.6463454739784591
}