{
  "total_matches": 33511,
  "home_win_prob": 0.44015397929038225,
  "draw_prob": 0.1519501059353645,
  "away_win_prob": 0.40789591477425324,
  "home_advantage": 0.032258064516129004,
  "avg_home_goals": 1.9275760198143892,
  "avg_away_goals": 1.610844200411805,
  "avg_total_goals": 3.5384202202261945,
  "home_goal_advantage": 0.3167318194025841
}