{
  "total_matches": 13614,
  "home_win_prob": 0.4941236961950933,
  "draw_prob": 0.13985603055677978,
  "away_win_prob": 0.3660202732481269,
  "home_advantage": 0.12810342294696636,
  "avg_home_goals": 2.195827824298516,
  "avg_away_goals": 1.5088879095049215,
  "avg_total_goals": 3.7047157338034378,
  "home_goal_advantage": 0.6869399147935946
}