{
  "total_matches": 31183,
  "home_win_prob": 0.5122983677003495,
  "draw_prob": 0.1474842061379598,
  "away_win_prob": 0.34021742616169065,
  "home_advantage": 0.17208094153865888,
  "avg_home_goals": 1.9992944873809448,
  "avg_away_goals": 1.2679665202193502,
  "avg_total_goals": 3.267261007600295,
  "home_goal_advantage": 0.7313279671615946
}