{
  "total_matches": 26548,
  "home_win_prob": 0.5777459695645623,
  "draw_prob": 0.13492541811059214,
  "away_win_prob": 0.2873286123248456,
  "home_advantage": 0.2904173572397167,
  "avg_home_goals": 2.41170709657978,
  "avg_away_goals": 1.3608558083471447,
  "avg_total_goals": 3.7725629049269247,
  "home_goal_advantage": 1.0508512882326353
}