{
  "total_matches": 12541,
  "home_win_prob": 0.5210908221035006,
  "draw_prob": 0.142811578024081,
  "away_win_prob": 0.33609759987241844,
  "home_advantage": 0.1849932222310821,
  "avg_home_goals": 2.1983095446934056,
  "avg_away_goals": 1.465592855434176,
  "avg_total_goals": 3.6639024001275815,
  "home_goal_advantage": 0.7327166892592296
}