{
  "total_matches": 11636,
  "home_win_prob": 0.5266414575455483,
  "draw_prob": 0.14094190443451357,
  "away_win_prob": 0.33241663801993815,
  "home_advantage": 0.1942248195256101,
  "avg_home_goals": 2.278360261258164,
  "avg_away_goals": 1.4590065314541079,
  "avg_total_goals": 3.7373667927122725,
  "home_goal_advantage": 0.8193537298040563
}