{
  "total_matches": 14889,
  "home_win_prob": 0.5336154207804419,
  "draw_prob": 0.14379743434750486,
  "away_win_prob": 0.3225871448720532,
  "home_advantage": 0.21102827590838868,
  "avg_home_goals": 2.157498824635637,
  "avg_away_goals": 1.3696017193901537,
  "avg_total_goals": 3.527100544025791,
  "home_goal_advantage": 0.7878971052454833
}