{
  "total_matches": 22171,
  "home_win_prob": 0.5785034504532949,
  "draw_prob": 0.13702584457173786,
  "away_win_prob": 0.2844707049749673,
  "home_advantage": 0.2940327454783276,
  "avg_home_goals": 2.4112579495737676,
  "avg_away_goals": 1.3036398899463262,
  "avg_total_goals": 3.714897839520094,
  "home_goal_advantage": 1.1076180596274414
}