{
  "total_matches": 18109,
  "home_win_prob": 0.5424926831962008,
  "draw_prob": 0.14302280633938924,
  "away_win_prob": 0.31448451046440995,
  "home_advantage": 0.22800817273179086,
  "avg_home_goals": 2.268650947042907,
  "avg_away_goals": 1.4076978298083827,
  "avg_total_goals": 3.6763487768512895,
  "home_goal_advantage": 0.8609531172345242
}