{
  "total_matches": 20051,
  "home_win_prob": 0.4628696823101092,
  "draw_prob": 0.1448805545858062,
  "away_win_prob": 0.3922497631040846,
  "home_advantage": 0.07061991920602462,
  "avg_home_goals": 2.0057852476185727,
  "avg_away_goals": 1.4842152511096702,
  "avg_total_goals": 3.490000498728243,
  "home_goal_advantage": 0.5215699965089025
}