{
  "total_matches": 16396,
  "home_win_prob": 0.5495242742132227,
  "draw_prob": 0.13753354476701635,
  "away_win_prob": 0.3129421810197609,
  "home_advantage": 0.2365820931934618,
  "avg_home_goals": 2.3031837033422784,
  "avg_away_goals": 1.3835691632105391,
  "avg_total_goals": 3.6867528665528178,
  "home_goal_advantage": 0.9196145401317393
}