{
  "total_matches": 38215,
  "home_win_prob": 0.6031139604867198,
  "draw_prob": 0.1359937197435562,
  "away_win_prob": 0.26089231976972393,
  "home_advantage": 0.3422216407169959,
  "avg_home_goals": 2.4483579746172968,
  "avg_away_goals": 1.2580138688996467,
  "avg_total_goals": 3.7063718435169437,
  "home_goal_advantage": 1.19034410571765
}