{
  "total_matches": 13614,
  "home_win_prob": 0.5358454532099309,
  "draw_prob": 0.1411781989128838,
  "away_win_prob": 0.32297634787718527,
  "home_advantage": 0.21286910533274567,
  "avg_home_goals": 2.2761128250330542,
  "avg_away_goals": 1.3999559277214633,
  "avg_total_goals": 3.6760687527545173,
  "home_goal_advantage": 0.876156897311591
}