{
  "total_matches": 35863,
  "home_win_prob": 0.543819535454368,
  "draw_prob": 0.11412876781083568,
  "away_win_prob": 0.3420516967347963,
  "home_advantage": 0.2017678387195717,
  "avg_home_goals": 2.550623204974486,
  "avg_away_goals": 1.71379973789142,
  "avg_total_goals": 4.264422942865906,
  "home_goal_advantage": 0.8368234670830661
}