{
  "total_matches": 14889,
  "home_win_prob": 0.4871381556854053,
  "draw_prob": 0.13345422795352274,
  "away_win_prob": 0.37940761636107195,
  "home_advantage": 0.10773053932433335,
  "avg_home_goals": 2.154610786486668,
  "avg_away_goals": 1.5678688965007723,
  "avg_total_goals": 3.7224796829874403,
  "home_goal_advantage": 0.5867418899858958
}