{
  "total_matches": 24326,
  "home_win_prob": 0.5829565074405986,
  "draw_prob": 0.13693167803995726,
  "away_win_prob": 0.2801118145194442,
  "home_advantage": 0.30284469292115435,
  "avg_home_goals": 2.3362657239167968,
  "avg_away_goals": 1.2870591137055003,
  "avg_total_goals": 3.623324837622297,
  "home_goal_advantage": 1.0492066102112965
}