{
  "total_matches": 18109,
  "home_win_prob": 0.47457065547517807,
  "draw_prob": 0.13722458446076535,
  "away_win_prob": 0.3882047600640565,
  "home_advantage": 0.08636589541112155,
  "avg_home_goals": 2.0604671710199347,
  "avg_away_goals": 1.7781765972720747,
  "avg_total_goals": 3.8386437682920094,
  "home_goal_advantage": 0.28229057374786004
}