{
  "total_matches": 31183,
  "home_win_prob": 0.48709232594683,
  "draw_prob": 0.17782124875733574,
  "away_win_prob": 0.33508642529583427,
  "home_advantage": 0.15200590065099573,
  "avg_home_goals": 1.9744091331815412,
  "avg_away_goals": 1.3547766411185582,
  "avg_total_goals": 3.3291857743000994,
  "home_goal_advantage": 0.619632492062983
}