{
  "total_matches": 22171,
  "home_win_prob": 0.5186053854133779,
  "draw_prob": 0.1271029723512697,
  "away_win_prob": 0.3542916422353525,
  "home_advantage": 0.16431374317802538,
  "avg_home_goals": 2.1949844391321998,
  "avg_away_goals": 1.4702990392855533,
  "avg_total_goals": 3.665283478417753,
  "home_goal_advantage": 0.7246853998466465
}