{
  "total_matches": 12541,
  "home_win_prob": 0.5437365441352364,
  "draw_prob": 0.14002073199904314,
  "away_win_prob": 0.31624272386572044,
  "home_advantage": 0.22749382026951598,
  "avg_home_goals": 2.225101666533769,
  "avg_away_goals": 1.388406028227414,
  "avg_total_goals": 3.6135076947611835,
  "home_goal_advantage": 0.8366956383063551
}