{
  "total_matches": 28850,
  "home_win_prob": 0.48155979202772964,
  "draw_prob": 0.16298093587521664,
  "away_win_prob": 0.35545927209705375,
  "home_advantage": 0.1261005199306759,
  "avg_home_goals": 1.9865857885615252,
  "avg_away_goals": 1.5598960138648181,
  "avg_total_goals": 3.546481802426343,
  "home_goal_advantage": 0.4266897746967071
}