{
  "total_matches": 33511,
  "home_win_prob": 0.5025812419802453,
  "draw_prob": 0.14070006863417983,
  "away_win_prob": 0.3567186893855749,
  "home_advantage": 0.14586255259467046,
  "avg_home_goals": 2.120378383217451,
  "avg_away_goals": 1.5407478141505775,
  "avg_total_goals": 3.6611261973680285,
  "home_goal_advantage": 0.5796305690668737
}