{
  "total_matches": 26548,
  "home_win_prob": 0.4597709808648486,
  "draw_prob": 0.1339460599668525,
  "away_win_prob": 0.40628295916829893,
  "home_advantage": 0.05348802169654965,
  "avg_home_goals": 2.198131686002712,
  "avg_away_goals": 1.8459394304655719,
  "avg_total_goals": 4.044071116468284,
  "home_goal_advantage": 0.3521922555371402
}