{
  "total_matches": 38215,
  "home_win_prob": 0.6409525055606438,
  "draw_prob": 0.12343320685594662,
  "away_win_prob": 0.23561428758340966,
  "home_advantage": 0.4053382179772341,
  "avg_home_goals": 2.347900039251603,
  "avg_away_goals": 1.1448122465000654,
  "avg_total_goals": 3.492712285751668,
  "home_goal_advantage": 1.2030877927515375
}