{
  "total_matches": 20051,
  "home_win_prob": 0.45394244676076007,
  "draw_prob": 0.14732432297641015,
  "away_win_prob": 0.3987332302628298,
  "home_advantage": 0.05520921649793026,
  "avg_home_goals": 1.9831429853872624,
  "avg_away_goals": 1.5009226472495136,
  "avg_total_goals": 3.484065632636776,
  "home_goal_advantage": 0.4822203381377488
}