{
  "total_matches": 11636,
  "home_win_prob": 0.5266414575455483,
  "draw_prob": 0.14008250257820556,
  "away_win_prob": 0.33327603987624616,
  "home_advantage": 0.1933654176693021,
  "avg_home_goals": 2.2804228257133037,
  "avg_away_goals": 1.4673427294602956,
  "avg_total_goals": 3.7477655551735993,
  "home_goal_advantage": 0.813080096253008
}