{
  "total_matches": 16396,
  "home_win_prob": 0.5625762381068553,
  "draw_prob": 0.1318004391314955,
  "away_win_prob": 0.30562332276164916,
  "home_advantage": 0.25695291534520615,
  "avg_home_goals": 2.3423395950231765,
  "avg_away_goals": 1.4000365942912905,
  "avg_total_goals": 3.742376189314467,
  "home_goal_advantage": 0.942303000731886
}