{
  "total_matches": 40563,
  "home_win_prob": 0.6190863594901758,
  "draw_prob": 0.12264871927618766,
  "away_win_prob": 0.2582649212336366,
  "home_advantage": 0.3608214382565392,
  "avg_home_goals": 2.5333185415279935,
  "avg_away_goals": 1.3242117200404309,
  "avg_total_goals": 3.8575302615684244,
  "home_goal_advantage": 1.2091068214875627
}