{
  "total_matches": 1838,
  "home_win_prob": 0.5217627856365615,
  "draw_prob": 0.14363438520130578,
  "away_win_prob": 0.33460282916213274,
  "home_advantage": 0.1871599564744288,
  "avg_home_goals": 2.2225244831338413,
  "avg_away_goals": 1.4776931447225246,
  "avg_total_goals": 3.7002176278563654,
  "home_goal_advantage": 0.7448313384113168
}