{
  "total_matches": 11020,
  "home_win_prob": 0.5214156079854809,
  "draw_prob": 0.14292196007259528,
  "away_win_prob": 0.3356624319419238,
  "home_advantage": 0.18575317604355712,
  "avg_home_goals": 2.256170598911071,
  "avg_away_goals": 1.4727767695099818,
  "avg_total_goals": 3.7289473684210526,
  "home_goal_advantage": 0.7833938294010891
}