{
  "total_matches": 38215,
  "home_win_prob": 0.7073138819835143,
  "draw_prob": 0.08140782415281958,
  "away_win_prob": 0.2112782938636661,
  "home_advantage": 0.4960355881198482,
  "avg_home_goals": 2.9188015177286406,
  "avg_away_goals": 1.1606175585503076,
  "avg_total_goals": 4.079419076278948,
  "home_goal_advantage": 1.758183959178333
}