{
  "total_matches": 14889,
  "home_win_prob": 0.5909732016925247,
  "draw_prob": 0.11975283766539056,
  "away_win_prob": 0.28927396064208477,
  "home_advantage": 0.3016992410504399,
  "avg_home_goals": 2.5074215864060716,
  "avg_away_goals": 1.3567734569145007,
  "avg_total_goals": 3.864195043320572,
  "home_goal_advantage": 1.150648129491571
}