{
  "total_matches": 11636,
  "home_win_prob": 0.5352354761086284,
  "draw_prob": 0.13716053626675834,
  "away_win_prob": 0.3276039876246133,
  "home_advantage": 0.20763148848401514,
  "avg_home_goals": 2.2988999656239257,
  "avg_away_goals": 1.4515297353042282,
  "avg_total_goals": 3.750429700928154,
  "home_goal_advantage": 0.8473702303196975
}