{
  "total_matches": 40563,
  "home_win_prob": 0.710746246579395,
  "draw_prob": 0.08137958237802924,
  "away_win_prob": 0.20787417104257574,
  "home_advantage": 0.5028720755368192,
  "avg_home_goals": 2.934102507211005,
  "avg_away_goals": 1.1554372211128368,
  "avg_total_goals": 4.0895397283238415,
  "home_goal_advantage": 1.7786652860981682
}