{
  "total_matches": 33511,
  "home_win_prob": 0.6977410402554385,
  "draw_prob": 0.0849273372922324,
  "away_win_prob": 0.2173316224523291,
  "home_advantage": 0.4804094178031094,
  "avg_home_goals": 2.88099430037898,
  "avg_away_goals": 1.1737638387395184,
  "avg_total_goals": 4.054758139118499,
  "home_goal_advantage": 1.7072304616394618
}