{
  "total_matches": 16396,
  "home_win_prob": 0.610026835813613,
  "draw_prob": 0.11191754086362528,
  "away_win_prob": 0.2780556233227616,
  "home_advantage": 0.33197121249085143,
  "avg_home_goals": 2.571053915589168,
  "avg_away_goals": 1.327701878506953,
  "avg_total_goals": 3.898755794096121,
  "home_goal_advantage": 1.243352037082215
}