{
  "total_matches": 24326,
  "home_win_prob": 0.666200772835649,
  "draw_prob": 0.0944668256186796,
  "away_win_prob": 0.23933240154567129,
  "home_advantage": 0.4268683712899778,
  "avg_home_goals": 2.7689303625750226,
  "avg_away_goals": 1.2351393570665132,
  "avg_total_goals": 4.004069719641536,
  "home_goal_advantage": 1.5337910055085093
}