{
  "total_matches": 12541,
  "home_win_prob": 0.5543417590303803,
  "draw_prob": 0.13180767083964595,
  "away_win_prob": 0.3138505701299737,
  "home_advantage": 0.2404911889004066,
  "avg_home_goals": 2.3691890598835816,
  "avg_away_goals": 1.4153576269834942,
  "avg_total_goals": 3.784546686867076,
  "home_goal_advantage": 0.9538314329000874
}