{
  "total_matches": 13614,
  "home_win_prob": 0.5737476127515793,
  "draw_prob": 0.12465109446158366,
  "away_win_prob": 0.30160129278683706,
  "home_advantage": 0.2721463199647422,
  "avg_home_goals": 2.437931541060673,
  "avg_away_goals": 1.3831350080799176,
  "avg_total_goals": 3.8210665491405904,
  "home_goal_advantage": 1.0547965329807554
}