{
  "total_matches": 35863,
  "home_win_prob": 0.7032317430220562,
  "draw_prob": 0.08326129994702061,
  "away_win_prob": 0.21350695703092323,
  "home_advantage": 0.4897247859911329,
  "avg_home_goals": 2.9005660429969606,
  "avg_away_goals": 1.1669687421576556,
  "avg_total_goals": 4.067534785154616,
  "home_goal_advantage": 1.733597300839305
}