{
  "total_matches": 26548,
  "home_win_prob": 0.6758324544221787,
  "draw_prob": 0.09217266837426548,
  "away_win_prob": 0.23199487720355583,
  "home_advantage": 0.4438375772186228,
  "avg_home_goals": 2.8057857465722464,
  "avg_away_goals": 1.214253427753503,
  "avg_total_goals": 4.02003917432575,
  "home_goal_advantage": 1.5915323188187434
}