{
  "total_matches": 31183,
  "home_win_prob": 0.6914985729403842,
  "draw_prob": 0.08786838982779079,
  "away_win_prob": 0.22063303723182504,
  "home_advantage": 0.47086553570855916,
  "avg_home_goals": 2.8598916076067087,
  "avg_away_goals": 1.183529487220601,
  "avg_total_goals": 4.04342109482731,
  "home_goal_advantage": 1.6763621203861077
}