{
  "total_matches": 22171,
  "home_win_prob": 0.6549095665508998,
  "draw_prob": 0.098056019124081,
  "away_win_prob": 0.24703441432501916,
  "home_advantage": 0.40787515222588067,
  "avg_home_goals": 2.7293311082044114,
  "avg_away_goals": 1.2548825041721168,
  "avg_total_goals": 3.9842136123765277,
  "home_goal_advantage": 1.4744486040322946
}