{
  "total_matches": 20051,
  "home_win_prob": 0.6404668096354297,
  "draw_prob": 0.10218941698668396,
  "away_win_prob": 0.2573437733778864,
  "home_advantage": 0.3831230362575433,
  "avg_home_goals": 2.683307565707446,
  "avg_away_goals": 1.279487307366216,
  "avg_total_goals": 3.962794873073662,
  "home_goal_advantage": 1.4038202583412298
}