{
  "total_matches": 28850,
  "home_win_prob": 0.6853032928942807,
  "draw_prob": 0.08980935875216638,
  "away_win_prob": 0.22488734835355287,
  "home_advantage": 0.4604159445407279,
  "avg_home_goals": 2.8407625649913344,
  "avg_away_goals": 1.1964991334488735,
  "avg_total_goals": 4.037261698440208,
  "home_goal_advantage": 1.644263431542461
}