{
  "total_matches": 18109,
  "home_win_prob": 0.6262631840521288,
  "draw_prob": 0.10696338837042355,
  "away_win_prob": 0.26677342757744765,
  "home_advantage": 0.3594897564746811,
  "avg_home_goals": 2.631950963609255,
  "avg_away_goals": 1.2968689601855432,
  "avg_total_goals": 3.9288199237947983,
  "home_goal_advantage": 1.3350820034237116
}