{
  "total_matches": 14889,
  "home_win_prob": 0.5125260259251797,
  "draw_prob": 0.14124521458795083,
  "away_win_prob": 0.3462287594868695,
  "home_advantage": 0.16629726643831022,
  "avg_home_goals": 2.073074081536705,
  "avg_away_goals": 1.4181610584995634,
  "avg_total_goals": 3.4912351400362684,
  "home_goal_advantage": 0.6549130230371416
}