{
  "total_matches": 28850,
  "home_win_prob": 0.49781629116117854,
  "draw_prob": 0.14842287694974005,
  "away_win_prob": 0.3537608318890815,
  "home_advantage": 0.14405545927209706,
  "avg_home_goals": 1.8582322357019063,
  "avg_away_goals": 1.3662391681109185,
  "avg_total_goals": 3.224471403812825,
  "home_goal_advantage": 0.4919930675909878
}