{
  "total_matches": 35863,
  "home_win_prob": 0.49460446699941446,
  "draw_prob": 0.15202297632657613,
  "away_win_prob": 0.3533725566740094,
  "home_advantage": 0.14123191032540505,
  "avg_home_goals": 1.8114491258400023,
  "avg_away_goals": 1.3491063212781975,
  "avg_total_goals": 3.1605554471182,
  "home_goal_advantage": 0.46234280456180477
}