{
  "total_matches": 31183,
  "home_win_prob": 0.4976108777218356,
  "draw_prob": 0.14995350030465318,
  "away_win_prob": 0.3524356219735112,
  "home_advantage": 0.1451752557483244,
  "avg_home_goals": 1.840586216848924,
  "avg_away_goals": 1.3481704775037682,
  "avg_total_goals": 3.1887566943526924,
  "home_goal_advantage": 0.4924157393451558
}