{
  "total_matches": 24326,
  "home_win_prob": 0.500945490421771,
  "draw_prob": 0.14733207267943763,
  "away_win_prob": 0.3517224368987914,
  "home_advantage": 0.14922305352297954,
  "avg_home_goals": 1.8948861300665953,
  "avg_away_goals": 1.3708788950094548,
  "avg_total_goals": 3.26576502507605,
  "home_goal_advantage": 0.5240072350571405
}