{
  "total_matches": 11636,
  "home_win_prob": 0.518563080096253,
  "draw_prob": 0.142488827775868,
  "away_win_prob": 0.338948092127879,
  "home_advantage": 0.17961498796837394,
  "avg_home_goals": 2.213733241663802,
  "avg_away_goals": 1.4600378136816776,
  "avg_total_goals": 3.6737710553454797,
  "home_goal_advantage": 0.7536954279821242
}