{
  "total_matches": 12541,
  "home_win_prob": 0.5162267761741488,
  "draw_prob": 0.14416713180767085,
  "away_win_prob": 0.33960609201818037,
  "home_advantage": 0.17662068415596843,
  "avg_home_goals": 2.176221991866677,
  "avg_away_goals": 1.448289610078941,
  "avg_total_goals": 3.6245116019456183,
  "home_goal_advantage": 0.7279323817877361
}