{
  "total_matches": 40563,
  "home_win_prob": 0.49439144047531003,
  "draw_prob": 0.14885486773660725,
  "away_win_prob": 0.35675369178808275,
  "home_advantage": 0.13763774868722728,
  "avg_home_goals": 1.7937775805537066,
  "avg_away_goals": 1.354855410102803,
  "avg_total_goals": 3.14863299065651,
  "home_goal_advantage": 0.43892217045090365
}