{
  "total_matches": 16396,
  "home_win_prob": 0.5134179068065382,
  "draw_prob": 0.14241278360575751,
  "away_win_prob": 0.3441693095877043,
  "home_advantage": 0.1692485972188339,
  "avg_home_goals": 2.038058062942181,
  "avg_away_goals": 1.3976579653574042,
  "avg_total_goals": 3.435716028299585,
  "home_goal_advantage": 0.640400097584777
}