{
  "total_matches": 18109,
  "home_win_prob": 0.5059362747804959,
  "draw_prob": 0.14429289303661164,
  "away_win_prob": 0.3497708321828925,
  "home_advantage": 0.15616544259760334,
  "avg_home_goals": 1.9935391241923905,
  "avg_away_goals": 1.3900822795295158,
  "avg_total_goals": 3.3836214037219063,
  "home_goal_advantage": 0.6034568446628747
}