{
  "total_matches": 26548,
  "home_win_prob": 0.49751393701973784,
  "draw_prob": 0.15025613982220884,
  "away_win_prob": 0.35222992315805335,
  "home_advantage": 0.1452840138616845,
  "avg_home_goals": 1.8744914871176737,
  "avg_away_goals": 1.3611194816935361,
  "avg_total_goals": 3.23561096881121,
  "home_goal_advantage": 0.5133720054241375
}