{
  "total_matches": 33511,
  "home_win_prob": 0.4966727343260422,
  "draw_prob": 0.14726507713884993,
  "away_win_prob": 0.35606218853510785,
  "home_advantage": 0.14061054579093435,
  "avg_home_goals": 1.824833636716302,
  "avg_away_goals": 1.356599325594581,
  "avg_total_goals": 3.181432962310883,
  "home_goal_advantage": 0.4682343111217211
}