{
  "total_matches": 20051,
  "home_win_prob": 0.5038152710588001,
  "draw_prob": 0.14527953718019052,
  "away_win_prob": 0.3509051917610094,
  "home_advantage": 0.15291007929779066,
  "avg_home_goals": 1.9409007032068226,
  "avg_away_goals": 1.3841703655678022,
  "avg_total_goals": 3.3250710687746245,
  "home_goal_advantage": 0.5567303376390205
}