{
  "total_matches": 38215,
  "home_win_prob": 0.49616642679576084,
  "draw_prob": 0.14915609054036374,
  "away_win_prob": 0.35467748266387544,
  "home_advantage": 0.1414889441318854,
  "avg_home_goals": 1.7975140651576607,
  "avg_away_goals": 1.3530289153473767,
  "avg_total_goals": 3.1505429805050373,
  "home_goal_advantage": 0.444485149810284
}