{
  "total_matches": 22171,
  "home_win_prob": 0.5045329484461685,
  "draw_prob": 0.14735465247395246,
  "away_win_prob": 0.3481123990798791,
  "home_advantage": 0.15642054936628935,
  "avg_home_goals": 1.9245410671598033,
  "avg_away_goals": 1.3762121690496594,
  "avg_total_goals": 3.300753236209463,
  "home_goal_advantage": 0.548328898110144
}