{
  "total_matches": 13614,
  "home_win_prob": 0.5152783898927574,
  "draw_prob": 0.14169237549581312,
  "away_win_prob": 0.3430292346114294,
  "home_advantage": 0.172249155281328,
  "avg_home_goals": 2.123843102688409,
  "avg_away_goals": 1.4337446745996767,
  "avg_total_goals": 3.5575877772880857,
  "home_goal_advantage": 0.6900984280887321
}