{
  "baseline": {
    "home_win_rate": 0.5214156079854809,
    "draw_rate": 0.14292196007259528,
    "away_win_rate": 0.3356624319419238,
    "avg_home_score": 2.256170598911071,
    "avg_away_score": 1.4727767695099818,
    "avg_total_goals": 3.7289473684210526,
    "std_home_score": 2.6722165860624587,
    "std_away_score": 2.0546316705107808
  },
  "by_model": {
    "poisson": {
      "avg_home_win_rate": 0.4842532158161549,
      "avg_draw_rate": 0.14798571448265016,
      "avg_away_win_rate": 0.36776106970119493,
      "avg_total_goals": 2.869586447447753,
      "avg_home_win_diff": 0.037162392169326,
      "avg_draw_diff": 0.00796097233748849,
      "avg_goals_diff": 0.8593609209732995
    },
    "ctgan": {
      "avg_home_win_rate": 0.4083333333333333,
      "avg_draw_rate": 0.09166666666666667,
      "avg_away_win_rate": 0.5,
      "avg_total_goals": 3.716666666666667,
      "avg_home_win_diff": 0.18570780399274045,
      "avg_draw_diff": 0.09166666666666667,
      "avg_goals_diff": 0.7166666666666668
    },
    "gaussian_copula": {
      "avg_home_win_rate": 0.8500000000000001,
      "avg_draw_rate": 0.041666666666666664,
      "avg_away_win_rate": 0.10833333333333334,
      "avg_total_goals": 4.125,
      "avg_home_win_diff": 0.32858439201451906,
      "avg_draw_diff": 0.1131276467029643,
      "avg_goals_diff": 1.0416666666666665
    },
    "copulagan": {
      "avg_home_win_rate": 0.3416666666666667,
      "avg_draw_rate": 0.23333333333333334,
      "avg_away_win_rate": 0.42499999999999993,
      "avg_total_goals": 3.3833333333333333,
      "avg_home_win_diff": 0.17974894131881425,
      "avg_draw_diff": 0.18333333333333335,
      "avg_goals_diff": 1.1166666666666667
    },
    "tvae": {
      "avg_home_win_rate": 0.5416666666666666,
      "avg_draw_rate": 0.21666666666666667,
      "avg_away_win_rate": 0.24166666666666664,
      "avg_total_goals": 2.85,
      "avg_home_win_diff": 0.2190411373260738,
      "avg_draw_diff": 0.14520568663036904,
      "avg_goals_diff": 0.931140350877193
    }
  },
  "by_period": {
    "2017_2020": {
      "poisson": {
        "home_win_rate": 0.4704,
        "draw_rate": 0.1344,
        "avg_total_goals": 2.7216,
        "total_diff": 1.0668849364791289
      },
      "ctgan": {
        "home_win_rate": NaN,
        "draw_rate": NaN,
        "avg_total_goals": NaN,
        "total_diff": NaN
      },
      "gaussian_copula": {
        "home_win_rate": NaN,
        "draw_rate": NaN,
        "avg_total_goals": NaN,
        "total_diff": NaN
      },
      "copulagan": {
        "home_win_rate": NaN,
        "draw_rate": NaN,
        "avg_total_goals": NaN,
        "total_diff": NaN
      },
      "tvae": {
        "home_win_rate": NaN,
        "draw_rate": NaN,
        "avg_total_goals": NaN,
        "total_diff": NaN
      }
    },
    "2013_2016": {
      "poisson": {
        "home_win_rate": 0.4797385620915033,
        "draw_rate": 0.15294117647058825,
        "avg_total_goals": 2.881045751633987,
        "total_diff": 0.8995978790790362
      },
      "ctgan": {
        "home_win_rate": NaN,
        "draw_rate": NaN,
        "avg_total_goals": NaN,
        "total_diff": NaN
      },
      "gaussian_copula": {
        "home_win_rate": NaN,
        "draw_rate": NaN,
        "avg_total_goals": NaN,
        "total_diff": NaN
      },
      "copulagan": {
        "home_win_rate": NaN,
        "draw_rate": NaN,
        "avg_total_goals": NaN,
        "total_diff": NaN
      },
      "tvae": {
        "home_win_rate": NaN,
        "draw_rate": NaN,
        "avg_total_goals": NaN,
        "total_diff": NaN
      }
    },
    "2009_2012": {
      "poisson": {
        "home_win_rate": 0.4898194391087207,
        "draw_rate": 0.13638109873223203,
        "avg_total_goals": 2.8374951978486362,
        "total_diff": 0.9295892007895398
      },
      "ctgan": {
        "home_win_rate": NaN,
        "draw_rate": NaN,
        "avg_total_goals": NaN,
        "total_diff": NaN
      },
      "gaussian_copula": {
        "home_win_rate": NaN,
        "draw_rate": NaN,
        "avg_total_goals": NaN,
        "total_diff": NaN
      },
      "copulagan": {
        "home_win_rate": NaN,
        "draw_rate": NaN,
        "avg_total_goals": NaN,
        "total_diff": NaN
      },
      "tvae": {
        "home_win_rate": NaN,
        "draw_rate": NaN,
        "avg_total_goals": NaN,
        "total_diff": NaN
      }
    },
    "2005_2008": {
      "poisson": {
        "home_win_rate": 0.4876224858174317,
        "draw_rate": 0.1364105208870552,
        "avg_total_goals": 2.8194945848375452,
        "total_diff": 0.9497573449370966
      },
      "ctgan": {
        "home_win_rate": NaN,
        "draw_rate": NaN,
        "avg_total_goals": NaN,
        "total_diff": NaN
      },
      "gaussian_copula": {
        "home_win_rate": NaN,
        "draw_rate": NaN,
        "avg_total_goals": NaN,
        "total_diff": NaN
      },
      "copulagan": {
        "home_win_rate": NaN,
        "draw_rate": NaN,
        "avg_total_goals": NaN,
        "total_diff": NaN
      },
      "tvae": {
        "home_win_rate": NaN,
        "draw_rate": NaN,
        "avg_total_goals": NaN,
        "total_diff": NaN
      }
    },
    "2001_2004": {
      "poisson": {
        "home_win_rate": 0.49730733519034354,
        "draw_rate": 0.14131847725162489,
        "avg_total_goals": 2.838440111420613,
        "total_diff": 0.9162190126165473
      },
      "ctgan": {
        "home_win_rate": NaN,
        "draw_rate": NaN,
        "avg_total_goals": NaN,
        "total_diff": NaN
      },
      "gaussian_copula": {
        "home_win_rate": NaN,
        "draw_rate": NaN,
        "avg_total_goals": NaN,
        "total_diff": NaN
      },
      "copulagan": {
        "home_win_rate": NaN,
        "draw_rate": NaN,
        "avg_total_goals": NaN,
        "total_diff": NaN
      },
      "tvae": {
        "home_win_rate": NaN,
        "draw_rate": NaN,
        "avg_total_goals": NaN,
        "total_diff": NaN
      }
    },
    "1997_2000": {
      "poisson": {
        "home_win_rate": 0.4821076359537898,
        "draw_rate": 0.14637926176387714,
        "avg_total_goals": 2.8496759650605803,
        "total_diff": 0.9220366770834453
      },
      "ctgan": {
        "home_win_rate": NaN,
        "draw_rate": NaN,
        "avg_total_goals": NaN,
        "total_diff": NaN
      },
      "gaussian_copula": {
        "home_win_rate": NaN,
        "draw_rate": NaN,
        "avg_total_goals": NaN,
        "total_diff": NaN
      },
      "copulagan": {
        "home_win_rate": NaN,
        "draw_rate": NaN,
        "avg_total_goals": NaN,
        "total_diff": NaN
      },
      "tvae": {
        "home_win_rate": NaN,
        "draw_rate": NaN,
        "avg_total_goals": NaN,
        "total_diff": NaN
      }
    },
    "1993_1996": {
      "poisson": {
        "home_win_rate": 0.48252212389380533,
        "draw_rate": 0.14811946902654868,
        "avg_total_goals": 2.8345132743362833,
        "total_diff": 0.9385250871303983
      },
      "ctgan": {
        "home_win_rate": NaN,
        "draw_rate": NaN,
        "avg_total_goals": NaN,
        "total_diff": NaN
      },
      "gaussian_copula": {
        "home_win_rate": NaN,
        "draw_rate": NaN,
        "avg_total_goals": NaN,
        "total_diff": NaN
      },
      "copulagan": {
        "home_win_rate": NaN,
        "draw_rate": NaN,
        "avg_total_goals": NaN,
        "total_diff": NaN
      },
      "tvae": {
        "home_win_rate": NaN,
        "draw_rate": NaN,
        "avg_total_goals": NaN,
        "total_diff": NaN
      }
    },
    "1989_1992": {
      "poisson": {
        "home_win_rate": 0.48799283154121864,
        "draw_rate": 0.15170250896057347,
        "avg_total_goals": 2.879390681003584,
        "total_diff": 0.891760012749709
      },
      "ctgan": {
        "home_win_rate": NaN,
        "draw_rate": NaN,
        "avg_total_goals": NaN,
        "total_diff": NaN
      },