{
  "total_matches": 18109,
  "home_win_prob": 0.5302888066707162,
  "draw_prob": 0.12888618918769673,
  "away_win_prob": 0.34082500414158706,
  "home_advantage": 0.18946380252912914,
  "avg_home_goals": 2.1375006902645093,
  "avg_away_goals": 1.2778728808879563,
  "avg_total_goals": 3.4153735711524655,
  "home_goal_advantage": 0.859627809376553
}