{
  "total_matches": 12541,
  "home_win_prob": 0.5240411450442548,
  "draw_prob": 0.13619328602184833,
  "away_win_prob": 0.3397655689338968,
  "home_advantage": 0.184275576110358,
  "avg_home_goals": 2.2138585439757597,
  "avg_away_goals": 1.425962841878638,
  "avg_total_goals": 3.6398213858543977,
  "home_goal_advantage": 0.7878957020971216
}