{
  "total_matches": 14889,
  "home_win_prob": 0.541540734770636,
  "draw_prob": 0.1316408086506817,
  "away_win_prob": 0.32681845657868225,
  "home_advantage": 0.21472227819195377,
  "avg_home_goals": 2.1718718517025994,
  "avg_away_goals": 1.3421317751360065,
  "avg_total_goals": 3.5140036268386057,
  "home_goal_advantage": 0.829740076566593
}