{
  "total_matches": 20051,
  "home_win_prob": 0.5352850231908634,
  "draw_prob": 0.12468206074509999,
  "away_win_prob": 0.3400329160640367,
  "home_advantage": 0.19525210712682667,
  "avg_home_goals": 2.142536531843798,
  "avg_away_goals": 1.3249214503017306,
  "avg_total_goals": 3.467457982145529,
  "home_goal_advantage": 0.8176150815420675
}