{
  "total_matches": 33511,
  "home_win_prob": 0.5279162066187222,
  "draw_prob": 0.11369401092178688,
  "away_win_prob": 0.35838978245949094,
  "home_advantage": 0.16952642415923125,
  "avg_home_goals": 1.8653576437587658,
  "avg_away_goals": 1.2328489152815494,
  "avg_total_goals": 3.098206559040315,
  "home_goal_advantage": 0.6325087284772164
}