{
  "total_matches": 22171,
  "home_win_prob": 0.5304226241486627,
  "draw_prob": 0.17964909115511254,
  "away_win_prob": 0.2899282846962248,
  "home_advantage": 0.24049433945243792,
  "avg_home_goals": 2.077217987461098,
  "avg_away_goals": 1.0739253980424879,
  "avg_total_goals": 3.1511433855035857,
  "home_goal_advantage": 1.00329258941861
}