{
  "total_matches": 11636,
  "home_win_prob": 0.5233757304915778,
  "draw_prob": 0.1423169474046064,
  "away_win_prob": 0.33430732210381575,
  "home_advantage": 0.18906840838776207,
  "avg_home_goals": 2.2144207631488486,
  "avg_away_goals": 1.4318494327947748,
  "avg_total_goals": 3.6462701959436234,
  "home_goal_advantage": 0.7825713303540738
}