{
  "total_matches": 40563,
  "home_win_prob": 0.5469270024406478,
  "draw_prob": 0.10881838128343564,
  "away_win_prob": 0.34425461627591647,
  "home_advantage": 0.20267238616473138,
  "avg_home_goals": 2.0309395261691687,
  "avg_away_goals": 1.0683874466878682,
  "avg_total_goals": 3.099326972857037,
  "home_goal_advantage": 0.9625520794813005
}