{
  "total_matches": 28850,
  "home_win_prob": 0.548734835355286,
  "draw_prob": 0.10013864818024264,
  "away_win_prob": 0.3511265164644714,
  "home_advantage": 0.1976083188908146,
  "avg_home_goals": 2.3255459272097054,
  "avg_away_goals": 1.338474870017331,
  "avg_total_goals": 3.664020797227036,
  "home_goal_advantage": 0.9870710571923744
}