{
  "total_matches": 31183,
  "home_win_prob": 0.5491774364236924,
  "draw_prob": 0.15065901292370842,
  "away_win_prob": 0.3001635506525992,
  "home_advantage": 0.24901388577109324,
  "avg_home_goals": 1.8103133117403714,
  "avg_away_goals": 0.920533624090049,
  "avg_total_goals": 2.7308469358304204,
  "home_goal_advantage": 0.8897796876503223
}