{
  "total_matches": 16396,
  "home_win_prob": 0.5445840448889974,
  "draw_prob": 0.13015369602342033,
  "away_win_prob": 0.32526225908758233,
  "home_advantage": 0.21932178580141504,
  "avg_home_goals": 2.2048670407416444,
  "avg_away_goals": 1.3090997804342523,
  "avg_total_goals": 3.5139668211758965,
  "home_goal_advantage": 0.8957672603073921
}