{
  "total_matches": 26548,
  "home_win_prob": 0.5564260961277686,
  "draw_prob": 0.09673045050474612,
  "away_win_prob": 0.3468434533674853,
  "home_advantage": 0.20958264276028332,
  "avg_home_goals": 2.2583622118427,
  "avg_away_goals": 1.2987795690824167,
  "avg_total_goals": 3.5571417809251167,
  "home_goal_advantage": 0.9595826427602832
}