{
  "total_matches": 24326,
  "home_win_prob": 0.519403107785908,
  "draw_prob": 0.11588423908575186,
  "away_win_prob": 0.36471265312834006,
  "home_advantage": 0.15469045465756798,
  "avg_home_goals": 2.0913014881197074,
  "avg_away_goals": 1.2996382471429746,
  "avg_total_goals": 3.3909397352626818,
  "home_goal_advantage": 0.7916632409767328
}