{
  "total_matches": 38215,
  "home_win_prob": 0.571163155828863,
  "draw_prob": 0.08883946094465524,
  "away_win_prob": 0.33999738322648176,
  "home_advantage": 0.23116577260238125,
  "avg_home_goals": 2.309616642679576,
  "avg_away_goals": 1.2806489598325266,
  "avg_total_goals": 3.5902656025121025,
  "home_goal_advantage": 1.0289676828470493
}