{
  "total_matches": 13614,
  "home_win_prob": 0.5234317614220655,
  "draw_prob": 0.12825033054208904,
  "away_win_prob": 0.34831790803584545,
  "home_advantage": 0.17511385338622004,
  "avg_home_goals": 2.1918613192302043,
  "avg_away_goals": 1.4333039518143087,
  "avg_total_goals": 3.625165271044513,
  "home_goal_advantage": 0.7585573674158956
}