{
  "total_matches": 35863,
  "home_win_prob": 0.5520452834397569,
  "draw_prob": 0.10272425619719489,
  "away_win_prob": 0.3452304603630483,
  "home_advantage": 0.20681482307670862,
  "avg_home_goals": 2.2073446170147504,
  "avg_away_goals": 1.1378858433482977,
  "avg_total_goals": 3.345230460363048,
  "home_goal_advantage": 1.0694587736664527
}